StartTime,EndTime,TotalTokens,TotalDuration(seconds),TokensPerSecond,PromptTokens,PromptEvalDuration(seconds),PromptTokensPerSecond,ResponseTokens,ResponseEvalDuration(seconds),ResponseTokensPerSecond,LongOrShortPrompt,Model
2025-03-16 23:10:52.084,2025-03-16 23:11:23.946,1227.0,31.854884234,38.51842596528333,30.0,0.045,666.6666666666667,1199.0,0.014724621,81428.24185423856,Long,llama3.3
2025-03-16 23:11:23.950,2025-03-16 23:11:24.310,29.0,0.354384244,81.83208054814085,19.0,0.036,527.7777777777778,12.0,0.014419197,832.2238748801337,Short,llama3.3
2025-03-16 23:11:24.310,2025-03-16 23:12:08.357,1993.0,44.039088212,45.255251207878935,367.0,0.242,1516.5289256198348,1628.0,0.01525668,106707.35703967049,Long,llama3.3
2025-03-16 23:12:08.362,2025-03-16 23:12:08.622,22.0,0.254287879,86.51611742768125,16.0,0.036,444.44444444444446,8.0,0.014595461,548.115609366501,Short,llama3.3
2025-03-16 23:12:08.623,2025-03-16 23:12:26.284,688.0,17.654405549,38.970442708504024,19.0,0.036,527.7777777777778,671.0,0.014628432,45869.57781941359,Long,llama3.3
2025-03-16 23:12:26.286,2025-03-16 23:12:26.927,35.0,0.634636306,55.14969702978197,14.0,0.036,388.8888888888889,23.0,0.014355943,1602.1239426765626,Short,llama3.3
2025-03-16 23:12:26.927,2025-03-16 23:12:33.604,274.0,6.671377946,41.07097547430721,18.0,0.036,500.00000000000006,258.0,0.014222097,18140.7847239405,Long,llama3.3
2025-03-16 23:12:33.605,2025-03-16 23:12:33.709,15.0,0.097901764,153.21480826433321,15.0,0.036,416.6666666666667,2.0,0.01427704,140.0850596482184,Short,llama3.3
2025-03-16 23:12:33.709,2025-03-16 23:13:06.009,1626.0,32.292180075,50.35274782388628,442.0,0.281,1572.953736654804,1186.0,0.014149032,83821.98867032034,Long,llama3.3
2025-03-16 23:13:06.013,2025-03-16 23:13:06.273,23.0,0.25431733,90.43819388950017,17.0,0.036,472.2222222222223,8.0,0.014193708,563.6300253605331,Short,llama3.3
2025-03-16 23:13:06.273,2025-03-16 23:13:09.369,147.0,3.089683201,47.57769338695381,30.0,0.045,666.6666666666667,119.0,0.01547481,7689.916709801283,Long,llama3.3
2025-03-16 23:13:09.369,2025-03-16 23:13:13.165,164.0,3.789270435,43.28009911491049,19.0,0.036,527.7777777777778,147.0,0.014610198,10061.46528609674,Short,llama3.3
2025-03-16 23:13:13.165,2025-03-16 23:13:28.534,601.0,15.362339554,39.1216453644597,17.0,0.036,472.2222222222223,586.0,0.014798047,39599.82016545832,Long,llama3.3
2025-03-16 23:13:28.536,2025-03-16 23:13:30.610,97.0,2.067191001,46.92357888220122,20.0,0.036,555.5555555555555,79.0,0.016135284,4896.102231606212,Short,llama3.3
2025-03-16 23:13:30.610,2025-03-16 23:13:37.112,272.0,6.496148754,41.87096236558871,23.0,0.04,575.0,251.0,0.014296452,17556.803604138986,Long,llama3.3
2025-03-16 23:13:37.113,2025-03-16 23:13:37.849,45.0,0.729972572,61.64615182281123,20.0,0.036,555.5555555555555,27.0,0.015036807,1795.5939715127022,Short,llama3.3
2025-03-16 23:13:37.850,2025-03-16 23:13:55.830,708.0,17.973614156,39.3910759324748,25.0,0.04,625.0,685.0,0.01504687,45524.41803511295,Long,llama3.3
2025-03-16 23:13:55.832,2025-03-16 23:13:56.372,37.0,0.534351807,69.2427713639228,20.0,0.036,555.5555555555555,19.0,0.01429223,1329.393663550055,Short,llama3.3
2025-03-16 23:13:56.373,2025-03-16 23:14:19.063,889.0,22.683139183,39.19210620839755,31.0,0.045,688.8888888888889,861.0,0.014333149,60070.539976944354,Long,llama3.3
2025-03-16 23:14:19.066,2025-03-16 23:14:19.708,39.0,0.636668473,61.256370707710545,18.0,0.036,500.00000000000006,23.0,0.01510314,1522.8621333047302,Short,llama3.3
2025-03-16 23:14:19.709,2025-03-16 23:14:33.942,556.0,14.226790218,39.08119761944184,17.0,0.036,472.2222222222223,541.0,0.015560704,34767.06452355883,Long,llama3.3
2025-03-16 23:14:33.944,2025-03-16 23:14:35.848,90.0,1.898247188,47.41216031765827,19.0,0.036,527.7777777777778,73.0,0.014295919,5106.352379304891,Short,llama3.3
2025-03-16 23:14:35.848,2025-03-16 23:14:52.870,663.0,17.015475774,38.964529044381926,18.0,0.036,500.00000000000006,647.0,0.014748937,43867.56821864518,Long,llama3.3
2025-03-16 23:14:52.872,2025-03-16 23:14:54.878,95.0,1.999478755,47.512382795985246,20.0,0.036,555.5555555555555,77.0,0.01430031,5384.498657721406,Short,llama3.3
2025-03-16 23:14:54.879,2025-03-16 23:15:03.707,356.0,8.822559818,40.351100739909995,20.0,0.036,555.5555555555555,338.0,0.015050783,22457.303384149516,Long,llama3.3
2025-03-16 23:15:03.709,2025-03-16 23:15:13.010,376.0,9.29484393,40.45253506478188,22.0,0.04,550.0,356.0,0.015158701,23484.86192847263,Short,llama3.3
2025-03-16 23:15:13.011,2025-03-16 23:15:35.761,884.0,22.743163607,38.868822969198455,22.0,0.041,536.5853658536585,864.0,0.01435579,60184.775620150474,Long,llama3.3
2025-03-16 23:15:35.764,2025-03-16 23:15:36.080,26.0,0.309751263,83.9383179528795,18.0,0.036,500.00000000000006,10.0,0.014262872,701.1210645373527,Short,llama3.3
2025-03-16 23:15:36.080,2025-03-16 23:15:53.609,685.0,17.522062395,39.093571553281755,22.0,0.04,550.0,665.0,0.015120427,43980.239446941545,Long,llama3.3
2025-03-16 23:15:53.611,2025-03-16 23:15:56.342,126.0,2.724468843,46.24754668189098,23.0,0.04,575.0,105.0,0.015139292,6935.59513879513,Short,llama3.3
2025-03-16 23:15:56.342,2025-03-16 23:16:13.537,672.0,17.188449372,39.09602230290119,21.0,0.036,583.3333333333334,653.0,0.014215094,45937.08631121257,Long,llama3.3
2025-03-16 23:16:13.540,2025-03-16 23:16:15.344,84.0,1.798305579,46.710637491716305,17.0,0.036,472.2222222222223,69.0,0.014302423,4824.357383360847,Short,llama3.3
2025-03-16 23:16:15.344,2025-03-16 23:16:35.763,789.0,20.411964168,38.65380095252772,21.0,0.036,583.3333333333334,770.0,0.014797617,52035.40543048249,Long,llama3.3
2025-03-16 23:16:35.766,2025-03-16 23:16:36.658,49.0,0.885954745,55.30756539940423,18.0,0.036,500.00000000000006,33.0,0.014203138,2323.4302166183274,Short,llama3.3
2025-03-16 23:16:36.658,2025-03-16 23:16:55.001,716.0,18.336370814,39.04807593950527,22.0,0.04,550.0,696.0,0.015141426,45966.608429087195,Long,llama3.3
2025-03-16 23:16:55.004,2025-03-16 23:16:56.782,83.0,1.772639271,46.82283719979709,17.0,0.036,472.2222222222223,68.0,0.014683313,4631.107434677719,Short,llama3.3
2025-03-16 23:16:56.783,2025-03-16 23:17:11.627,588.0,14.83724928,39.62998726405438,24.0,0.04,600.0,566.0,0.014311679,39548.12010526507,Long,llama3.3
2025-03-16 23:17:11.629,2025-03-16 23:17:15.486,167.0,3.850279913,43.37346992257495,20.0,0.036,555.5555555555555,149.0,0.015048436,9901.36117799883,Short,llama3.3
2025-03-16 23:17:15.486,2025-03-16 23:17:32.290,658.0,16.797343809,39.1728601546778,21.0,0.036,583.3333333333334,639.0,0.014600843,43764.59633186933,Long,llama3.3
